{"count": 1500, "ratio": 51.6, "meanTc": 226965, "jobs": 4, "t_vals": {"race": {"2": [-0.35969948870592294, 0.7192228400929472], "3": [-0.2467605473660776, 0.8051958470193947], "4": [-0.49042621858988256, 0.6240457627252256], "5": [-0.8035771259262621, 0.42201931022507466], "6": [0.11552861155376032, 0.9080717953383075], "8": [-0.1266372335452325, 0.8992767608015486], "10": [-0.4428449727279793, 0.6580627408722122], "12": [-0.24433930841977017, 0.8070665029641806], "15": [-0.5616318272255787, 0.5746136055126672], "18": [-0.0859059639179443, 0.9315775985940017], "20": [-0.32065911072324305, 0.7485978057289808], "24": [0.14913432150364941, 0.8815101500234168], "30": [0.4552749551934533, 0.6491164491407061]}, "gender": {"2": [0.8388548297445907, 0.4016846154685857]}, "job": {"2": [-0.8601192900719885, 0.39000998969806977], "3": [-0.8575156621945312, 0.39142035607391934], "4": [0.14131867654349098, 0.8876565536325194], "6": [0.04726105111287368, 0.962317684881159], "8": [1.0015344953184298, 0.31691112511896186], "12": [1.0044590865322416, 0.3154700834532544]}}, "p_val_g": 0.4016846154685857, "p_val_race": 0.2467605473660776, "feedback": ["Fantastic job in maintaining a balance of both men and women in your workplace! Keep it up.", "Your company is lacking a diverse set of jobs. Try to compartamentalize your employees' duties more!", "Great job maintaing balanced and equal payrolls for all of your employees!"]}