{"count": 1500, "ratio": 49.333333333333336, "meanTc": 239649, "jobs": 4, "t_vals": {"race": {"2": [3.866229930738001, 0.00012391505798173733], "3": [0.4494843045948714, 0.6532759453448751], "4": [4.286977363027762, 2.1663630824439044e-05], "5": [3.5712440624009045, 0.00039057503738458674], "6": [-3.462823602480235, 0.0005789463824904301], "8": [0.49949155045992133, 0.6176431937489786], "10": [-0.2304628899920389, 0.8178263595211518], "12": [3.947970390614928, 9.053785043034632e-05], "15": [3.2283354109928593, 0.0013341561862639274], "18": [2.767450233925529, 0.005866102435894497], "20": [-0.7609620891871662, 0.4470637682379637], "24": [-1.27070669717952, 0.20443474385632854], "30": [-0.5237784197398627, 0.6006806058382019]}, "gender": {"2": [2.713396372593285, 0.006736050745165776]}, "job": {"2": [-30.601881849344288, 6.99714490096824e-134], "3": [-46.77017968349579, 1.1170472466514405e-226], "4": [-86.75997762940902, 0.0], "6": [-21.181035624469644, 2.0744077596429273e-78], "8": [-80.16519719393806, 0.0], "12": [-76.96975161380468, 0.0]}}, "p_val_g": 0.006736050745165776, "p_val_race": 0.4494843045948714, "feedback": ["Fantastic job in maintaining a balance of both men and women in your workplace! Keep it up.", "Your company is lacking a diverse set of jobs. Try to compartamentalize your employees' duties more!", "Your company has a bias when it comes to paying men over women. (A difference of $42081) Try to balance out your payrolls!"]}