{"count": 1500, "ratio": 49.8, "meanTc": 843818, "jobs": 4, "t_vals": {"race": {"2": [1.2029410050085534, 0.22957652806951187], "3": [0.41027912775968334, 0.6817758962938134], "4": [2.942582474145718, 0.003401870780593072], "5": [1.8651030100300219, 0.06277437983854385], "6": [-0.8034172314200316, 0.42212317137901745], "8": [1.899382039041637, 0.058088334259682434], "10": [0.7194886636771581, 0.472198243389796], "12": [2.596469170596711, 0.009689947972340266], "15": [1.4892859199104447, 0.1370701948919613], "18": [0.11164030480742303, 0.9111524506459932], "20": [-1.2592128633919628, 0.20855296902899279], "24": [-2.6428131079589128, 0.008469006725819964], "30": [-1.463742326547124, 0.14390556119717993]}, "gender": {"2": [2.984302150721124, 0.0028882883736421716]}, "job": {"2": [-6.494936355045285, 1.4960196245740548e-10], "3": [-9.105423906427498, 6.819847149895239e-19], "4": [-14.078099269967968, 7.35391695611728e-40], "6": [-3.703722590901727, 0.00022726339907330872], "8": [-13.130680730840995, 2.2653767264291915e-35], "12": [-12.851847490056295, 3.114057991542066e-34]}}, "feedback": ["Fantastic job in maintaining a balance of both men and women in your workplace! Keep it up.", "Your company is lacking a diverse set of jobs. Try to compartamentalize your employees' duties more!", "Your company has a bias when it comes to paying men over women. (A difference of $317623) Try to balance out your payrolls!"]}