{"count": 1499, "ratio": 48.09873248832555, "meanTc": 280518, "jobs": 4, "t_vals": {"race": {"2": [3.7130703073615434, 0.00022848504040143695], "3": [1.8675745203399186, 0.06243060099823685], "4": [5.0955241063531655, 5.005578420145217e-07], "5": [5.076504550475297, 5.421956464344596e-07], "6": [-1.989010902448902, 0.04725337635188953], "8": [1.7087760228023758, 0.08812183322927866], "10": [1.5066155561379295, 0.1325223441178917], "12": [3.591041531020081, 0.0003627794482122483], "15": [3.473227417716487, 0.000558065972147366], "18": [0.9161025343076825, 0.3600574045578615], "20": [-0.25351922350056694, 0.7999691737396972], "24": [-3.032562229070893, 0.002551319850043188], "30": [-2.853660725936672, 0.004494162787473642]}, "gender": {"2": [5.679379481084107, 1.6213944148665983e-08]}, "job": {"2": [-27.289524143545883, 4.849180934501681e-115], "3": [-39.47118526194927, 6.323575445652351e-188], "4": [-63.20115323749392, 8.173172672985618e-305], "6": [-15.596034701598212, 1.3854914244437614e-47], "8": [-56.317748391987095, 1.89375383033587e-265], "12": [-54.11939828560364, 1.0181228173443525e-257]}}}